Mortes no trânsito,,,Homicídio juvenil,,OR,Homicídios,,,Arborização viária,,,Mortalidade por doenças do aparelho respiratório,,,Remuneração média do emprego formal,,,Favelas (% living in favelas),,,Demanda atendida em creches,,,Gravidez na adolescência,,,Idade média ao morrer,,,Empregos formais por habitante,,,Population change,,,Jobs in the past,
Distrito,Valor,,Distrito,Valor,,Distrito,Valor,,Distrito,Valor,,Distrito,Valor,,Distrito,Valor,,Distrito,Valor,,Distrito,Valor,,Distrito,Valor,,Distrito,Valor,,Distrito,Valor,,Distrito,Valor,,Distrito,Valor
Água Rasa,8.44,,Água Rasa,11.11,,Água Rasa,8.44,,Água Rasa,4086,,Água Rasa,16.49,,Água Rasa,2180.5,,Água Rasa,0.105,,Água Rasa,90.08,,Água Rasa,6.55,,Água Rasa,73.1,,Água Rasa,0.119,,Água Rasa,1.0417697569495,,Água Rasa,2.26636078241971
Alto de Pinheiros,4.8,,Alto de Pinheiros,24.34,,Alto de Pinheiros,2.4,,Alto de Pinheiros,13478,,Alto de Pinheiros,6.29,,Alto de Pinheiros,4285.11,,Alto de Pinheiros,0,,Alto de Pinheiros,93.88,,Alto de Pinheiros,1.75,,Alto de Pinheiros,77.7,,Alto de Pinheiros,0.625,,Alto de Pinheiros,1.07498851352985,,Alto de Pinheiros,1.91710052062475
Anhangüera,13.01,,Anhangüera,8.44,,Anhangüera,5.91,,Anhangüera,4705,,Anhangüera,1.91,,Anhangüera,2424.3,,Anhangüera,5.74,,Anhangüera,89.11,,Anhangüera,15.53,,Anhangüera,56.4,,Anhangüera,0.143,,Anhanguera,0.432332392020971,,Anhanguera,0.00853070175438596
Aricanduva,10.53,,Aricanduva,19.41,,Aricanduva,4.68,,Aricanduva,4723,,Aricanduva,13.11,,Aricanduva,1828.4,,Aricanduva,1.1,,Aricanduva,81.63,,Aricanduva,11.87,,Aricanduva,69.7,,Aricanduva,0.213,,Aricanduva,1.12023110459964,,Aricanduva,2.39969088098918
Artur Alvim,12.94,,Artur Alvim,31.74,,Artur Alvim,5.97,,Artur Alvim,4195,,Artur Alvim,12.06,,Artur Alvim,1654.12,,Artur Alvim,6.46,,Artur Alvim,91.61,,Artur Alvim,10.68,,Artur Alvim,66.8,,Artur Alvim,0.072,,Artur Alvim,1.11771090876199,,Artur Alvim,2.09590643274854
Barra Funda,13.46,,Barra Funda,0,,Barra Funda,0,,Barra Funda,2809,,Barra Funda,17.39,,Barra Funda,2570.12,,Barra Funda,1.24,,Barra Funda,97.13,,Barra Funda,4.37,,Barra Funda,74.4,,Barra Funda,0.99,,Barra Funda,0.867108079186731,,Barra Funda,2.01788079470199
Bela Vista,12.6,,Bela Vista,0,,Bela Vista,5.6,,Bela Vista,2436,,Bela Vista,11.98,,Bela Vista,4097.98,,Bela Vista,0,,Bela Vista,85.33,,Bela Vista,5.74,,Bela Vista,74.1,,Bela Vista,2.04,,Bela Vista,0.879924247698884,,Bela Vista,1.80106707317073
Belém,8.49,,Belém,16.52,,Belém,6.36,,Belém,2629,,Belém,16.83,,Belém,2211.22,,Belém,4.19,,Belém,80.67,,Belém,7.37,,Belém,71.7,,Belém,1.05,,Belém,0.83341045812124,,Belém,1.78776665215498
Bom Retiro,10.66,,Bom Retiro,19.23,,Bom Retiro,10.66,,Bom Retiro,3220,,Bom Retiro,10.19,,Bom Retiro,3497.36,,Bom Retiro,0,,Bom Retiro,78.38,,Bom Retiro,9.98,,Bom Retiro,68.8,,Bom Retiro,1.95,,Bom Retiro,0.694682407020476,,Bom Retiro,2.20585881222987
Brás,9.69,,Brás,133.45,,Brás,38.76,,Brás,1290,,Brás,11.18,,Brás,2052.11,,Brás,0,,Brás,70.9,,Brás,10.16,,Brás,66.6,,Brás,2.11,,Brás,0.803718612229251,,Brás,1.52676427298784
Brasilândia,11.53,,Brasilândia,74.75,,Brasilândia,17.1,,Brasilândia,4996,,Brasilândia,7.9,,Brasilândia,1680.36,,Brasilândia,24.43,,Brasilândia,86.52,,Brasilândia,16.89,,Brasilândia,60.7,,Brasilândia,0.042,,Brasilândia,0.917150591463641,,Brasilândia,1.97826086956522
Butantã,12.98,,Butantã,31.33,,Butantã,7.42,,Butantã,10214,,Butantã,10.02,,Butantã,4358.69,,Butantã,1.15,,Butantã,88.78,,Butantã,5.66,,Butantã,77.7,,Butantã,1.52,,Butantã,0.977370609638375,,Butantã,2.1248080719456
Cachoeirinha,10.09,,Cachoeirinha,47.36,,Cachoeirinha,15.13,,Cachoeirinha,5701,,Cachoeirinha,11.46,,Cachoeirinha,1892.59,,Cachoeirinha,19.82,,Cachoeirinha,77.36,,Cachoeirinha,15.54,,Cachoeirinha,63.2,,Cachoeirinha,0.05,,Cachoeirinha,1.07121661721068,,Cachoeirinha,1.66050143855323
Cambuci,7.3,,Cambuci,21.45,,Cambuci,2.43,,Cambuci,2712,,Cambuci,13.58,,Cambuci,2258.55,,Cambuci,0,,Cambuci,90.68,,Cambuci,6.52,,Cambuci,74.8,,Cambuci,0.733,,Cambuci,0.683998666158537,,Cambuci,2.02591973244147
Campo Belo,9.37,,Campo Belo,45.55,,Campo Belo,9.37,,Campo Belo,13201,,Campo Belo,14.44,,Campo Belo,10079.98,,Campo Belo,6.5,,Campo Belo,87.92,,Campo Belo,6.39,,Campo Belo,77.3,,Campo Belo,0.964,,Campo Belo,1.04608381729713,,Campo Belo,1.62892783830728
Campo Grande,8.68,,Campo Grande,42.26,,Campo Grande,6.75,,Campo Grande,10074,,Campo Grande,8.73,,Campo Grande,2835.84,,Campo Grande,4.18,,Campo Grande,70.77,,Campo Grande,4.56,,Campo Grande,72.1,,Campo Grande,0.578,,Campo Grande,0.876101443022197,,Campo Grande,1.75502742230347
Campo Limpo,6.89,,Campo Limpo,63.59,,Campo Limpo,17.45,,Campo Limpo,8738,,Campo Limpo,6.8,,Campo Limpo,1801.48,,Campo Limpo,24.92,,Campo Limpo,73.87,,Campo Limpo,12.04,,Campo Limpo,60.6,,Campo Limpo,0.123,,Campo Limpo,0.874400788904208,,Campo Limpo,2.42324649298597
Cangaíba,11.23,,Cangaíba,51.18,,Cangaíba,11.97,,Cangaíba,6381,,Cangaíba,11.13,,Cangaíba,1777.01,,Cangaíba,11.41,,Cangaíba,91.23,,Cangaíba,11.16,,Cangaíba,65.8,,Cangaíba,0.077,,Cangaíba,1.03356169019168,,Cangaíba,2.36511375947996
Capão Redondo,7.54,,Capão Redondo,48.29,,Capão Redondo,17.24,,Capão Redondo,9995,,Capão Redondo,6.03,,Capão Redondo,2018.27,,Capão Redondo,31.52,,Capão Redondo,67.82,,Capão Redondo,14.23,,Capão Redondo,59.7,,Capão Redondo,0.087,,Capão Redondo,0.858833977715321,,Capão Redondo,3.05429461504228
Carrão,11.86,,Carrão,21.14,,Carrão,11.86,,Carrão,4259,,Carrão,14.91,,Carrão,1945,,Carrão,2.74,,Carrão,92.6,,Carrão,6.11,,Carrão,73.5,,Carrão,0.295,,Carrão,0.925158877619854,,Carrão,1.83425680558901
Casa Verde,10.59,,Casa Verde,19.39,,Casa Verde,9.41,,Casa Verde,5573,,Casa Verde,12.61,,Casa Verde,2813.27,,Casa Verde,0.129,,Casa Verde,77.59,,Casa Verde,8.94,,Casa Verde,70.5,,Casa Verde,0.403,,Casa Verde,0.98583065153069,,Casa Verde,1.91607142857143
Cidade Ademar,11.69,,Cidade Ademar,36.94,,Cidade Ademar,10.96,,Cidade Ademar,9905,,Cidade Ademar,8.29,,Cidade Ademar,1814.46,,Cidade Ademar,24.82,,Cidade Ademar,61.84,,Cidade Ademar,14.51,,Cidade Ademar,63.4,,Cidade Ademar,0.076,,Cidade Ademar,0.884358784284655,,Cidade Ademar,1.77292779196657
Cidade Dutra,8.2,,Cidade Dutra,30.66,,Cidade Dutra,10.25,,Cidade Dutra,15934,,Cidade Dutra,9.86,,Cidade Dutra,2607.48,,Cidade Dutra,10,,Cidade Dutra,80.6,,Cidade Dutra,12.66,,Cidade Dutra,65.2,,Cidade Dutra,0.135,,Cidade Dutra,0.982570436996879,,Cidade Dutra,1.91519607843137
Cidade Líder,11.6,,Cidade Líder,34.58,,Cidade Líder,13.92,,Cidade Líder,8029,,Cidade Líder,7.94,,Cidade Líder,1799.51,,Cidade Líder,15.35,,Cidade Líder,89.52,,Cidade Líder,11.25,,Cidade Líder,63.7,,Cidade Líder,0.095,,Cidade Líder,0.900446211823457,,Cidade Líder,1.503320279244
Cidade Tiradentes,10.53,,Cidade Tiradentes,70.62,,Cidade Tiradentes,15.56,,Cidade Tiradentes,3520,,Cidade Tiradentes,6.87,,Cidade Tiradentes,4252.35,,Cidade Tiradentes,4.23,,Cidade Tiradentes,97.86,,Cidade Tiradentes,18.07,,Cidade Tiradentes,57.3,,Cidade Tiradentes,0.214,,Cidade Tiradentes,0.867135125301314,,Cidade Tiradentes,0.00366969147005445
Consolação,0,,Consolação,0,,Consolação,1.73,,Consolação,4894,,Consolação,10.04,,Consolação,3062.11,,Consolação,0,,Consolação,83,,Consolação,2.76,,Consolação,78.9,,Consolação,1.6,,Consolação,0.943760710391027,,Consolação,1.5690387337537
Cursino,3.62,,Cursino,45.61,,Cursino,8.14,,Cursino,7363,,Cursino,11.72,,Cursino,2197.4,,Cursino,6.98,,Cursino,79.45,,Cursino,8.26,,Cursino,72,,Cursino,0.158,,Cursino,0.920674572755557,,Cursino,1.51761667589006
Ermelino Matarazzo,10.44,,Ermelino Matarazzo,38.65,,Ermelino Matarazzo,13.05,,Ermelino Matarazzo,6049,,Ermelino Matarazzo,9.12,,Ermelino Matarazzo,1831.38,,Ermelino Matarazzo,9.38,,Ermelino Matarazzo,91.34,,Ermelino Matarazzo,11.52,,Ermelino Matarazzo,63.7,,Ermelino Matarazzo,0.032,,Ermelino Matarazzo,0.92778366361568,,Ermelino Matarazzo,2.7679012345679
Freguesia do Ó,15.18,,Freguesia do Ó,35.16,,Freguesia do Ó,8.67,,Freguesia do Ó,6799,,Freguesia do Ó,11.56,,Freguesia do Ó,2087.33,,Freguesia do Ó,4.13,,Freguesia do Ó,85.54,,Freguesia do Ó,10.68,,Freguesia do Ó,67.5,,Freguesia do Ó,0.228,,Freguesia do Ó,1.05376320630558,,Freguesia do Ó,2.09838958746967
Grajaú,11.95,,Grajaú,47.32,,Grajaú,14.4,,Grajaú,10126,,Grajaú,7.23,,Grajaú,1852.28,,Grajaú,17.25,,Grajaú,73.11,,Grajaú,15.42,,Grajaú,58.2,,Grajaú,0.07,,Grajaú,0.902402719365193,,Grajaú,2.34809634809635
Guaianases,13.36,,Guaianases,74.59,,Guaianases,14.31,,Guaianases,3385,,Guaianases,7.34,,Guaianases,1502.85,,Guaianases,3.47,,Guaianases,98.6,,Guaianases,16.81,,Guaianases,58.9,,Guaianases,0.02,,Guaianases,0.939239999618761,,Guaianases,3.06133828996282
Iguatemi,9.27,,Iguatemi,40.04,,Iguatemi,11.41,,Iguatemi,4910,,Iguatemi,6.16,,Iguatemi,2002.58,,Iguatemi,11.34,,Iguatemi,82.95,,Iguatemi,14.62,,Iguatemi,58.4,,Iguatemi,0.079,,Iguatemi,0.712430790337596,,Iguatemi,0.00328410372040586
Ipiranga,8.26,,Ipiranga,61.7,,Ipiranga,10.09,,Ipiranga,10508,,Ipiranga,8.32,,Ipiranga,2327.38,,Ipiranga,3.66,,Ipiranga,90.32,,Ipiranga,9.59,,Ipiranga,72.5,,Ipiranga,0.528,,Ipiranga,0.903857230364147,,Ipiranga,1.69455311465543
Itaim Bibi,6.2,,Itaim Bibi,0,,Itaim Bibi,2.07,,Itaim Bibi,13750,,Itaim Bibi,10.75,,Itaim Bibi,5795.33,,Itaim Bibi,0.828,,Itaim Bibi,70.68,,Itaim Bibi,1.27,,Itaim Bibi,78.6,,Itaim Bibi,3.39,,Itaim Bibi,0.834273892069605,,Itaim Bibi,2.24032714690154
Itaim Paulista,10.2,,Itaim Paulista,66.09,,Itaim Paulista,17.73,,Itaim Paulista,5552,,Itaim Paulista,8.28,,Itaim Paulista,2520.7,,Itaim Paulista,6.96,,Itaim Paulista,96.16,,Itaim Paulista,16.15,,Itaim Paulista,61.8,,Itaim Paulista,0.182,,Itaim Paulista,0.94208848146672,,Itaim Paulista,2.7491789819376
Itaquera,9.87,,Itaquera,48.99,,Itaquera,13.32,,Itaquera,9568,,Itaquera,9.85,,Itaquera,2253.9,,Itaquera,3.72,,Itaquera,93.25,,Itaquera,11.75,,Itaquera,64.9,,Itaquera,0.263,,Itaquera,0.997001751452122,,Itaquera,2.09438470728793
Jabaquara,7.57,,Jabaquara,56.54,,Jabaquara,12.03,,Jabaquara,8722,,Jabaquara,9.36,,Jabaquara,3094.49,,Jabaquara,16.97,,Jabaquara,77.28,,Jabaquara,11.75,,Jabaquara,68.3,,Jabaquara,0.329,,Jabaquara,0.953758770464417,,Jabaquara,1.73426664922151
Jaçanã,10.61,,Jaçanã,32.73,,Jaçanã,12.74,,Jaçanã,3769,,Jaçanã,10.73,,Jaçanã,2043.27,,Jaçanã,7.68,,Jaçanã,68.87,,Jaçanã,15,,Jaçanã,66.2,,Jaçanã,0.237,,Jaçanã,0.975674297009501,,Jaçanã,2.09830633284241
Jaguara,4.16,,Jaguara,70.5,,Jaguara,12.48,,Jaguara,1897,,Jaguara,8.8,,Jaguara,4256.21,,Jaguara,2.73,,Jaguara,72.44,,Jaguara,8.77,,Jaguara,73.6,,Jaguara,0.887,,Jaguara,1.07806800553436,,Jaguara,2.87368881118881
Jaguaré,15.1,,Jaguaré,0,,Jaguaré,1.89,,Jaguaré,2935,,Jaguaré,4.66,,Jaguaré,3327.01,,Jaguaré,9.3,,Jaguaré,87.91,,Jaguaré,11.57,,Jaguaré,66.2,,Jaguaré,0.597,,Jaguaré,0.792163956437416,,Jaguaré,2.125
Jaraguá,9.8,,Jaraguá,25.09,,Jaraguá,10.78,,Jaraguá,8567,,Jaraguá,7.5,,Jaraguá,2783.4,,Jaraguá,24.29,,Jaraguá,88.2,,Jaraguá,14.87,,Jaraguá,60.2,,Jaraguá,0.143,,Jaraguá,0.701260249742855,,Jaraguá,2.76943881000676
Jardim Ângela,6.92,,Jardim Ângela,74.09,,Jardim Ângela,19.83,,Jardim Ângela,6366,,Jardim Ângela,4.75,,Jardim Ângela,1889.36,,Jardim Ângela,19.43,,Jardim Ângela,62.1,,Jardim Ângela,16.44,,Jardim Ângela,55.7,,Jardim Ângela,0.05,,Jardim Ângela,0.762765511784146,,Jardim Ângela,3.78846153846154
Jardim Helena,9.96,,Jardim Helena,43.56,,Jardim Helena,14.56,,Jardim Helena,4699,,Jardim Helena,10.73,,Jardim Helena,1540.72,,Jardim Helena,13.72,,Jardim Helena,90.87,,Jardim Helena,16.04,,Jardim Helena,61.1,,Jardim Helena,0.034,,Jardim Helena,1.07344815878013,,Jardim Helena,0.00264345991561181
Jardim Paulista,6.7,,Jardim Paulista,0,,Jardim Paulista,2.23,,Jardim Paulista,9666,,Jardim Paulista,9.25,,Jardim Paulista,3777.08,,Jardim Paulista,0,,Jardim Paulista,82.54,,Jardim Paulista,1.12,,Jardim Paulista,79.4,,Jardim Paulista,2.48,,Jardim Paulista,0.932513764739975,,Jardim Paulista,1.34300869308973
Jardim São Luís,6.11,,Jardim São Luís,74.51,,Jardim São Luís,22.29,,Jardim São Luís,9335,,Jardim São Luís,7.35,,Jardim São Luís,2846.05,,Jardim São Luís,24.04,,Jardim São Luís,73.51,,Jardim São Luís,13.87,,Jardim São Luís,62,,Jardim São Luís,0.185,,Jardim São Luís,0.853896358923458,,Jardim São Luís,1.79288284686126
José Bonifácio,6.87,,José Bonifácio,11.67,,José Bonifácio,6.1,,José Bonifácio,3535,,José Bonifácio,6.57,,José Bonifácio,1984.27,,José Bonifácio,1.67,,José Bonifácio,93.6,,José Bonifácio,12.96,,José Bonifácio,63.3,,José Bonifácio,0.05,,José Bonifácio,0.808294144732372,,José Bonifácio,1.92380310182063
Lajeado,9.1,,Lajeado,80.29,,Lajeado,18.21,,Lajeado,4490,,Lajeado,8.31,,Lajeado,1470.31,,Lajeado,8.42,,Lajeado,97.78,,Lajeado,15.9,,Lajeado,58.1,,Lajeado,0.022,,Lajeado,0.957453393533353,,Lajeado,2.23687845303867
Lapa,11.87,,Lapa,0,,Lapa,2.97,,Lapa,7980,,Lapa,11.67,,Lapa,2727.1,,Lapa,0.54,,Lapa,88.12,,Lapa,3.95,,Lapa,76.9,,Lapa,1.83,,Lapa,0.888862632737154,,Lapa,1.4840439111565
Liberdade,2.79,,Liberdade,21.4,,Liberdade,8.38,,Liberdade,2995,,Liberdade,11.23,,Liberdade,2955.93,,Liberdade,0.322,,Liberdade,84.33,,Liberdade,5.34,,Liberdade,73.7,,Liberdade,0.83,,Liberdade,0.858064068783802,,Liberdade,1.91884558460779
Limão,3.85,,Limão,80.85,,Limão,19.27,,Limão,4514,,Limão,12.42,,Limão,2726.79,,Limão,10.1,,Limão,76.55,,Limão,10.32,,Limão,68.9,,Limão,0.264,,Limão,1.06105478247375,,Limão,1.96558370044053
Mandaqui,8.35,,Mandaqui,15.69,,Mandaqui,2.78,,Mandaqui,5785,,Mandaqui,11.04,,Mandaqui,3220.47,,Mandaqui,7.15,,Mandaqui,76.3,,Mandaqui,8.04,,Mandaqui,69.7,,Mandaqui,0.448,,Mandaqui,0.956565703418526,,Mandaqui,2.22868605817452
Marsilac,12.45,,Marsilac,0,,Marsilac,12.45,,Marsilac,675,,Marsilac,12.53,,Marsilac,1287.32,,Marsilac,3.11,,Marsilac,83.54,,Marsilac,22.88,,Marsilac,59.2,,Marsilac,0.012,,Marsilac,1.05286895514909,,Marsilac,0.785714285714286
Moema,2.26,,Moema,0,,Moema,0,,Moema,11343,,Moema,11.96,,Moema,3277.65,,Moema,0,,Moema,89.06,,Moema,0.887,,Moema,79.2,,Moema,0.821,,Moema,0.796691443581289,,Moema,1.69783073632753
Moóca,4.92,,Moóca,0,,Moóca,1.23,,Moóca,4638,,Moóca,14.2,,Moóca,2366.27,,Moóca,0.189,,Moóca,85.81,,Moóca,5.74,,Moóca,76.9,,Moóca,0.979,,Moóca,0.768128960209755,,Mooca,2.20216947020909
Morumbi,9.32,,Morumbi,16.61,,Morumbi,3.73,,Morumbi,15830,,Morumbi,6.35,,Morumbi,4844.35,,Morumbi,16.59,,Morumbi,61.55,,Morumbi,10.26,,Morumbi,72,,Morumbi,1.22,,Morumbi,0.627685830429733,,Morumbi,2.22432516289172
Parelheiros,15.14,,Parelheiros,44.25,,Parelheiros,15.14,,Parelheiros,4806,,Parelheiros,7.55,,Parelheiros,1734.37,,Parelheiros,9.53,,Parelheiros,79.94,,Parelheiros,16.28,,Parelheiros,59.9,,Parelheiros,0.056,,Parelheiros,0.693441583837948,,Parelheiros,0.00308718626155878
Pari,16.37,,Pari,40.98,,Pari,5.46,,Pari,2127,,Pari,14.03,,Pari,4007.06,,Pari,2.35,,Pari,76.92,,Pari,11.89,,Pari,68.9,,Pari,5.74,,Pari,0.799654763189125,,Pari,2.27034546719221
Parque do Carmo,14.47,,Parque do Carmo,63.94,,Parque do Carmo,14.47,,Parque do Carmo,4395,,Parque do Carmo,8.37,,Parque do Carmo,1913.98,,Parque do Carmo,13.34,,Parque do Carmo,88.03,,Parque do Carmo,14.48,,Parque do Carmo,61.5,,Parque do Carmo,0.05,,Parque do Carmo,0.925021657522379,,Parque do Carmo,1.98453608247423
Pedreira,11.28,,Pedreira,37.91,,Pedreira,8.63,,Pedreira,6185,,Pedreira,5.73,,Pedreira,2672.96,,Pedreira,17.45,,Pedreira,51.22,,Pedreira,14.54,,Pedreira,60.8,,Pedreira,0.067,,Pedreira,0.838846647575787,,Pedreira,0.00291422805247225
Penha,10.22,,Penha,26.67,,Penha,9.44,,Penha,6510,,Penha,14.57,,Penha,2491.81,,Penha,6.56,,Penha,93.15,,Penha,7.67,,Penha,71.3,,Penha,0.432,,Penha,0.978885274822206,,Penha,1.75964702363147
Perdizes,7.04,,Perdizes,0,,Perdizes,0,,Perdizes,6994,,Perdizes,9.91,,Perdizes,3045.87,,Perdizes,0,,Perdizes,87.72,,Perdizes,2.39,,Perdizes,78.1,,Perdizes,0.53,,Perdizes,0.898348781535817,,Perdizes,1.92564916869045
Perus,9.55,,Perus,17.4,,Perus,9.55,,Perus,4824,,Perus,7.58,,Perus,2072.76,,Perus,13.06,,Perus,93.27,,Perus,16.47,,Perus,60.6,,Perus,0.067,,Perus,0.836714644192983,,Perus,0.00315532544378698
Pinheiros,4.59,,Pinheiros,14.03,,Pinheiros,3.06,,Pinheiros,13001,,Pinheiros,12.71,,Pinheiros,4102.81,,Pinheiros,0.081,,Pinheiros,79.65,,Pinheiros,2.65,,Pinheiros,78.7,,Pinheiros,2.09,,Pinheiros,0.965057140231012,,Pinheiros,1.16527696638165
Pirituba,13.11,,Pirituba,28.43,,Pirituba,7.15,,Pirituba,9678,,Pirituba,10.85,,Pirituba,2780.91,,Pirituba,7.32,,Pirituba,87.78,,Pirituba,9.66,,Pirituba,68.1,,Pirituba,0.183,,Pirituba,0.9645412056467,,Pirituba,2.42915309446254
Ponte Rasa,8.88,,Ponte Rasa,26.57,,Ponte Rasa,8.88,,Ponte Rasa,5741,,Ponte Rasa,11.42,,Ponte Rasa,1740.61,,Ponte Rasa,3.6,,Ponte Rasa,92.58,,Ponte Rasa,12.61,,Ponte Rasa,68.1,,Ponte Rasa,0.09,,Ponte Rasa,1.09830853790957,,Ponte Rasa,1.33960995292535
Raposo Tavares,12.63,,Raposo Tavares,21.67,,Raposo Tavares,5.83,,Raposo Tavares,4494,,Raposo Tavares,6.28,,Raposo Tavares,2498.55,,Raposo Tavares,13.38,,Raposo Tavares,84.75,,Raposo Tavares,12.87,,Raposo Tavares,63.3,,Raposo Tavares,0.153,,Raposo Tavares,0.881181039979904,,Raposo Tavares,2.59125
República,9.82,,República,59.33,,República,22.92,,República,1782,,República,11.63,,República,2844,,República,0,,República,79.55,,República,8.61,,República,67.7,,República,1.52,,República,0.770739113580566,,República,1.40776845764377
Rio Pequeno,10.87,,Rio Pequeno,38.13,,Rio Pequeno,8.36,,Rio Pequeno,11083,,Rio Pequeno,6.43,,Rio Pequeno,1989.15,,Rio Pequeno,22.8,,Rio Pequeno,85.24,,Rio Pequeno,11.84,,Rio Pequeno,68.9,,Rio Pequeno,0.131,,Rio Pequeno,0.93262121338563,,Rio Pequeno,2.32091388400703
Sacomã,6.71,,Sacomã,30.28,,Sacomã,7.89,,Sacomã,10947,,Sacomã,8.96,,Sacomã,2453.18,,Sacomã,28.05,,Sacomã,86.61,,Sacomã,11.15,,Sacomã,67.3,,Sacomã,0.091,,Sacomã,0.897501120485622,,Sacomã,2.16101694915254
Santa Cecília,8.98,,Santa Cecília,17.99,,Santa Cecília,6.74,,Santa Cecília,3946,,Santa Cecília,9.32,,Santa Cecília,3004.28,,Santa Cecília,1.04,,Santa Cecília,89.76,,Santa Cecília,6.36,,Santa Cecília,72,,Santa Cecília,1.23,,Santa Cecília,0.789666955113271,,Santa Cecília,1.06772661573405
Santana,6.15,,Santana,15.83,,Santana,5.27,,Santana,9019,,Santana,14.46,,Santana,2173.51,,Santana,0.234,,Santana,82.14,,Santana,5.48,,Santana,75,,Santana,0.631,,Santana,1.10566697119947,,Santana,1.8757239989927
Santo Amaro,11.79,,Santo Amaro,13.18,,Santo Amaro,2.62,,Santo Amaro,16192,,Santo Amaro,12.81,,Santo Amaro,4697.43,,Santo Amaro,0.173,,Santo Amaro,69.82,,Santo Amaro,2.96,,Santo Amaro,77.4,,Santo Amaro,2.22,,Santo Amaro,0.78337215320911,,Santo Amaro,2.91825058184639
São Domingos,11.87,,São Domingos,28.44,,São Domingos,5.94,,São Domingos,8715,,São Domingos,11.06,,São Domingos,2345.12,,São Domingos,13.87,,São Domingos,84.37,,São Domingos,9.46,,São Domingos,67.7,,São Domingos,0.123,,São Domingos,0.985215933013785,,São Domingos,3.46505253540429
São Lucas,8.5,,São Lucas,11.68,,São Lucas,6.38,,São Lucas,6094,,São Lucas,10.51,,São Lucas,2050.55,,São Lucas,4.73,,São Lucas,83.79,,São Lucas,8.87,,São Lucas,70.6,,São Lucas,0.105,,São Lucas,0.989264794632397,,São Lucas,1.65712205775297
São Mateus,9.85,,São Mateus,44.47,,São Mateus,13.79,,São Mateus,12014,,São Mateus,9.82,,São Mateus,1906.5,,São Mateus,6.75,,São Mateus,80.86,,São Mateus,11.9,,São Mateus,64.9,,São Mateus,0.178,,São Mateus,1.02066374452098,,São Mateus,3.74620655898189
São Miguel,10.25,,São Miguel,52.33,,São Miguel,18.22,,São Miguel,3704,,São Miguel,12.3,,São Miguel,1893.56,,São Miguel,2.96,,São Miguel,92.5,,São Miguel,17.03,,São Miguel,66.3,,São Miguel,0.087,,São Miguel,1.11947436796542,,São Miguel,2.0700143472023
São Rafael,11.88,,São Rafael,57.87,,São Rafael,12.54,,São Rafael,6443,,São Rafael,5.29,,São Rafael,1750.59,,São Rafael,11.01,,São Rafael,69.76,,São Rafael,16.2,,São Rafael,59.9,,São Rafael,0.053,,São Rafael,0.817306875575796,,São Rafael,0.00316419612314709
Sapopemba,9.63,,Sapopemba,47.38,,Sapopemba,11.78,,Sapopemba,8257,,Sapopemba,8.84,,Sapopemba,2500.5,,Sapopemba,21.58,,Sapopemba,77.42,,Sapopemba,14.2,,Sapopemba,63.9,,Sapopemba,0.115,,Sapopemba,1.01059872027614,,Sapopemba,2.42540250447227
Saúde,3.7,,Saúde,20.1,,Saúde,4.44,,Saúde,10953,,Saúde,11.41,,Saúde,2091.42,,Saúde,1.02,,Saúde,82.94,,Saúde,3.56,,Saúde,76.7,,Saúde,0.413,,Saúde,0.869319060275203,,Saúde,1.66292001893043
Sé,11.93,,Sé,53.75,,Sé,15.9,,Sé,518,,Sé,9.03,,Sé,4050.55,,Sé,0,,Sé,42.01,,Sé,6.94,,Sé,61.4,,Sé,32.08,,Sé,0.790062843676355,,Sé,1.48273467584117
Socorro,10.98,,Socorro,0,,Socorro,2.74,,Socorro,10424,,Socorro,10.51,,Socorro,3086.96,,Socorro,6.19,,Socorro,81.37,,Socorro,8.73,,Socorro,70.4,,Socorro,1.03,,Socorro,1.08128215056143,,Socorro,1.80734371368812
Tatuapé,8.28,,Tatuapé,9.52,,Tatuapé,5.17,,Tatuapé,5417,,Tatuapé,12.09,,Tatuapé,2147.06,,Tatuapé,1.26,,Tatuapé,87.77,,Tatuapé,3.59,,Tatuapé,74.3,,Tatuapé,0.786,,Tatuapé,0.813113309978899,,Tatuapé,2.02712060011541
Tremembé,10.83,,Tremembé,60.2,,Tremembé,14.13,,Tremembé,6989,,Tremembé,8.31,,Tremembé,2179.26,,Tremembé,13.3,,Tremembé,61.31,,Tremembé,14.92,,Tremembé,64,,Tremembé,0.08,,Tremembé,0.760399597060585,,Tremembé,2.20377769705776
Tucuruvi,4.16,,Tucuruvi,35.85,,Tucuruvi,9.36,,Tucuruvi,6430,,Tucuruvi,14.75,,Tucuruvi,3033.04,,Tucuruvi,0.738,,Tucuruvi,82.58,,Tucuruvi,6.82,,Tucuruvi,74.1,,Tucuruvi,0.734,,Tucuruvi,1.03924029451138,,Tucuruvi,2.25202520252025
Vila Andrade,7.95,,Vila Andrade,40.33,,Vila Andrade,8.56,,Vila Andrade,7760,,Vila Andrade,3.78,,Vila Andrade,2642.61,,Vila Andrade,50.45,,Vila Andrade,39.01,,Vila Andrade,12,,Vila Andrade,64,,Vila Andrade,0.096,,Vila Andrade,0.428037567853448,,Vila Andrade,1.93718368562072
Vila Curuçá,11.53,,Vila Curuçá,39.45,,Vila Curuçá,12.2,,Vila Curuçá,4233,,Vila Curuçá,9.72,,Vila Curuçá,2562.64,,Vila Curuçá,8.37,,Vila Curuçá,96.52,,Vila Curuçá,14.6,,Vila Curuçá,63.3,,Vila Curuçá,0.07,,Vila Curuçá,0.995616032407376,,Vila Curuçá,2.03403493058665
Vila Formosa,4.28,,Vila Formosa,27.48,,Vila Formosa,8.56,,Vila Formosa,5276,,Vila Formosa,11.49,,Vila Formosa,2057.49,,Vila Formosa,0.96,,Vila Formosa,89.25,,Vila Formosa,8.34,,Vila Formosa,72,,Vila Formosa,0.433,,Vila Formosa,1.00737417214989,,Vila Formosa,2.2066212725992
Vila Guilherme,12.6,,Vila Guilherme,0,,Vila Guilherme,0,,Vila Guilherme,5050,,Vila Guilherme,11.83,,Vila Guilherme,2769.35,,Vila Guilherme,2.29,,Vila Guilherme,78.74,,Vila Guilherme,7.2,,Vila Guilherme,72.6,,Vila Guilherme,0.891,,Vila Guilherme,0.895850882695582,,Vila Guilherme,1.50052620500947
Vila Jacuí,12.15,,Vila Jacuí,76.5,,Vila Jacuí,19.3,,Vila Jacuí,6507,,Vila Jacuí,9.26,,Vila Jacuí,2233.46,,Vila Jacuí,5.64,,Vila Jacuí,89.46,,Vila Jacuí,14.82,,Vila Jacuí,61.7,,Vila Jacuí,0.112,,Vila Jacuí,1.01897857373578,,Vila Jacuí,1.73263057019645
Vila Leopoldina,2.13,,Vila Leopoldina,0,,Vila Leopoldina,4.26,,Vila Leopoldina,4135,,Vila Leopoldina,5.56,,Vila Leopoldina,2982.14,,Vila Leopoldina,5.54,,Vila Leopoldina,88.36,,Vila Leopoldina,4.22,,Vila Leopoldina,75.2,,Vila Leopoldina,1.07,,Vila Leopoldina,0.552994443301091,,Vila Leopoldina,2.35398737808376
Vila Maria,9.9,,Vila Maria,19.97,,Vila Maria,5.4,,Vila Maria,10740,,Vila Maria,8.32,,Vila Maria,2555.01,,Vila Maria,14.16,,Vila Maria,71.12,,Vila Maria,13.07,,Vila Maria,67.2,,Vila Maria,0.528,,Vila Maria,1.02924690353494,,Vila Maria,1.80785379105952
Vila Mariana,7.61,,Vila Mariana,12.82,,Vila Mariana,3.8,,Vila Mariana,10377,,Vila Mariana,13.22,,Vila Mariana,3509.79,,Vila Mariana,0.915,,Vila Mariana,81.51,,Vila Mariana,1.92,,Vila Mariana,78,,Vila Mariana,1.16,,Vila Mariana,0.939697614344325,,Vila Mariana,1.90113666402326
Vila Matilde,3.85,,Vila Matilde,8.03,,Vila Matilde,8.66,,Vila Matilde,7232,,Vila Matilde,11.96,,Vila Matilde,1742.55,,Vila Matilde,0.672,,Vila Matilde,94.06,,Vila Matilde,8.29,,Vila Matilde,70.8,,Vila Matilde,0.268,,Vila Matilde,0.992498529596097,,Vila Matilde,2.76512625059552
Vila Medeiros,8.98,,Vila Medeiros,32,,Vila Medeiros,13.87,,Vila Medeiros,4580,,Vila Medeiros,13.8,,Vila Medeiros,1961.93,,Vila Medeiros,3.02,,Vila Medeiros,77.24,,Vila Medeiros,12.32,,Vila Medeiros,69,,Vila Medeiros,0.118,,Vila Medeiros,1.16119652047484,,Vila Medeiros,2.40846366145354
Vila Prudente,7.74,,Vila Prudente,16.4,,Vila Prudente,7.74,,Vila Prudente,7725,,Vila Prudente,12.32,,Vila Prudente,2106.14,,Vila Prudente,5.65,,Vila Prudente,90.78,,Vila Prudente,7.83,,Vila Prudente,71.8,,Vila Prudente,0.317,,Vila Prudente,0.990339476236663,,Vila Prudente,2.01954686805864
Vila Sônia,10.13,,Vila Sônia,13.17,,Vila Sônia,4.22,,Vila Sônia,7640,,Vila Sônia,7.22,,Vila Sônia,2155.11,,Vila Sônia,27.85,,Vila Sônia,80.82,,Vila Sônia,8.83,,Vila Sônia,71,,Vila Sônia,0.242,,Vila Sônia,0.724643810850708,,Vila Sônia,2.07566506759703
